{
    "bleu": 1.8894643762245807e-79,
    "rouge": {
        "rouge-1": {
            "r": 0.12852072511907126,
            "p": 0.29890259740259717,
            "f": 0.16415947470423536
        },
        "rouge-2": {
            "r": 0.011185683072330073,
            "p": 0.030205128205128204,
            "f": 0.014543346468019224
        },
        "rouge-l": {
            "r": 0.11564936872770572,
            "p": 0.263316919191919,
            "f": 0.14676583751120117
        }
    }
}